商品コード,商品分類,商品名
4908011530072,020112,雪印コーヒー 500
4902720155212,020113,リプトン　ミルクティー
4902720155199,020113,リプトン　レモンティー
45225444,020501,クーリッシュ　Wマスクメロン
4902102148672,010106,いろはす もも540mlペット
4901301309303,130503,エッセンシャル　ＣＣオイル 60ml
45145933,090309,ボンタンアメ
2400081476455,040211,☆大粒唐揚げと具沢山タルタル
4904691079153,010903,☆情熱価格　春雨ボール8ｇ×20P+3個増量
4970148012103,010808,☆情熱価格 島根県産天然わかめと使ったわかめスープ（しじみ入り）52ｇ
4904691077364,010815,★あり情　大粒みかん（みかんジュース入り）２号缶　850ｇ
4903110729433,020403,うずまきマロンデニッシュ
4906422024210,040307,☆コーンとコーンとコーンパスタ
4971777297077,020110,とろけるラッシー　マンゴー
4906422022797,040316,☆野菜たっぷり海藻サラダ
4906422024135,040310,☆5種の彩りベジサンド
4906422022360,040310,☆ジューシーハムサンド
4906422024074,040310,☆4種のフルーツサンド
4906422024807,040310,☆はちみつMAXサンド
4906422022032,040304,☆彩り華やかちらし寿司
4908043181242,040300,チキン南蛮
4904577137687,040314,厚焼き玉子
4903110710288,020405,ランチパック（とろリッチ生）ダブルカスタード
4901005357204,020501,パリッテ<バニラ＆ショコラ>
4902705049833,020501,ブルガリアフローズンヨーグルトデザート
4902585101942,020501,サクレレモン
45225444,020501,クーリッシュ　Wマスクメロン
4953823868097,020501,モナ王 バニラ
4902745914856,090117,☆ド情熱価格　チーズクラッカー
4906422024432,040309,☆福にぎり　鶏五目　
4906422022810,040316,☆棒棒鶏サラダ
4906422022827,040316,☆シーザーサラダ
49169157,020501,ジャージー牛乳ソフト
4902777237022,090106,たけのこの里
4902777237596,090106,きのこの山
4902201183093,090106,キットカット
4901335118964,090107,ポテトチップス のり塩
4901335118988,090107,ポテトチップス 金のコンソメ
4901335118971,090107,ポテトチップス じゃがいもと塩
4906690082134,020121,☆情熱価格 ふわもち食感ナン
4580399500191,050509,☆情熱価格　ドハマリカルパス　辛口
4589840671909,090202,☆ド情熱まるごとじゃがいも黒胡椒
4978441335172,090202,☆ド情熱価格　たっぷりベジタブルチップス
4978441340749,090202,☆ド情熱価格　素煎りミックスナッツＤＸ
4902720058018,020114,ピクニック　ストロベリー
4901071268503,010808,エースコック　スープはるさめ　ワンタン　22g
4901005356894,020501,ｸﾞﾘｺ　ガトーショコラクッキーサンドアイス
4901990702171,020303,ライスバーガー　焼肉
4901005320826,020501,パナップ＜濃厚いちご＞
49811742,020501,サンデーカップ＜パリパリチョコ＞
4901005325609,020501,ｸﾞﾘｺ　ＳＵＮＡＯ マカダミア&アーモンド
4909411087128,020114,トロピカーナエッセンシャルズ 鉄分
4964312458590,020104,☆情熱 さけるモッツァレラ
4902170581326,020307,☆情熱価格ヤバ盛りパスタ　たらこバター
4902170581388,020307,☆情熱価格ヤバ盛りパスタ　バター醤油
4903084404909,090107,【差替】ポテトチップわさビーフ　⇒　4903084405265
4901811105433,050503,☆情熱価格 ロｰス生ハム100g
4901518451802,011007,☆情熱価格 梅こんぶ茶
4571232760520,011007,☆情熱価格 インスタントティ黒烏龍茶
4901085642771,020115,伊藤園　ビタミン野菜
49386776,020501,爽 バニラ
4902888349249,020501,板チョコアイス
4955129028823,020119,☆情熱価格×たらみ　ド充分ゼリー　ミックス
4901262009076,090117,☆ド情熱価格　ミックスラムネ
4901033630942,020107,マルサン　豆乳飲料　バナナカロリー50%オフ
4902713131070,010809,マルコメ　カップ　料亭の味　あおさ　６入
4901777361232,010110,ペプシ ＜生＞　ＢＩＧ　ＣＯＬＡ600mlペット
45189630,020501,クーリッシュ ベルギーチョコレート
4901335141337,090107,スティックカラムーチョホットチリ味スリムパック
4901085179611,010102,健康ミネラルむぎ茶 650mlペット
4903333246038,090106,クランキービッグパウチ
4963024310189,090111,☆情熱価格　りんご・もも・ぶどうの蒟蒻ゼリー
4589840671008,090202,☆情熱価格　種抜きほし梅
4973508333108,090117,☆ド情熱価格　いか天瀬戸内レモン味
4902124070968,090105,男梅ほし梅
4902054109325,020112,LATTE&カフェ
4549777113958,350872,☆情熱 LR03アルカリ単四電池4P
4956248015817,020408,＃ココアワッフル
4549777401147,090107,☆情熱価格　キャニスターポテトチップス　ハニー&チーズ
4902888256103,090109,ホワイトチョコチップクッキー
4971423604501,090203,☆ド情熱価格茎わかめ(N)
4901916012070,090108,☆ド情熱価格 ひねり揚げ 明太マヨ味 60g
4902994050213,090117,☆ド情熱価格　芋かりんとう
4901480070032,200203,◎キャンパスルーズリーフさらさら書けるＢ罫Ｂ５１００枚
4970020110767,020110,ぜいたく果実ブルーベリーのむヨーグルト
4549777113217,360102,★PT-CA1-WH Type-C用 充電ケーブル 1m/AtoC
4530107544023,101004,ﾗﾝﾊﾞﾝ/ｴｸﾗﾄﾞｩｱﾙﾍﾟｰｼﾞｭ/EDP/30ml
4902888218828,090109,チョイス
4902888218811,090109,マリー
4902888218835,090109,ムーンライト
4906422024401,040309,☆福にぎり　辛子明太子　
4906422024449,040309,☆福にぎり　焼おにぎり　
49386288,020501,クーリッシュ　バニラ
4902150663479,020309,ふっくらごはんと豚肉生姜焼き
4902130106521,020309,三ツ星プレート厚切りベーコンのグラタン＆オムライス
4902188324649,020114,のむアサイーボウル
4902888341731,020501,アイスボックス＜グレープフルーツ＞
4901112800235,020117,オイコス プレーン砂糖不使用
4908011645158,020118,クリーム＆プリン
4902054301972,020112,☆ミルクがたっぷりはいったカフェラテ
4897036692233,010114,モンスター パイプラインパンチ355ml缶
4902102137089,010110,コカ・コーラ 700mlペット
4902102140553,010110,コカ・コーラ ゼロ700mlペット
4902102030106,010110,ドクターペッパー 500mlペット
4514603263213,010110,三ツ矢 サイダー500mlペット
4906422021356,040310,☆半熟ゆで卵まるごと2.5個サンド
4955819216264,040316,コーンとツナのサラダ
4906422022278,040303,☆明太ペンネサラダ
4901777377141,010101,伊右衛門 濃い味600mlペット
45191961,010102,ＧＲＥＥＮ　ＤＡ・ＫＡ・ＲＡ やさしい麦茶680mlペット
4939505530216,010102,☆サーフビバレッジ ルイボスティー
4901777300545,010107,ボス クラフトボス　ラテ500mlペット
4901777300521,010107,ボス クラフトボス　ブラック500mlペット
4901777391543,010107,ボス クラフトボス　甘くないイタリアーノ500mlペット
4909411084790,010104,午後の紅茶 ストレートティー500mlペット
4909411084950,010104,午後の紅茶 ミルクティー500mlペット
4901340689213,010111,カルピス ウォーター500mlペット
4902102069359,010105,アクエリアス 500mlペット
4901777301078,010108,なっちゃん オレンジ（冷凍兼用）425mlペット
4560292290016,010114,レッドブル エナジードリンク250ml缶
4582751871215,010112,リブアップ エネルギーゼリー180gパウチ
4897036690017,010114,モンスター エナジー355ml缶
4902445155108,090108,☆情熱価格　理由ありせんべい
4978441336780,090202,☆ド情熱価格 割れローストカシューナッツ
4978441339781,090202,☆ド情熱価格しいたけスナック　ミニ
4582515501921,090203,☆ド情熱価格　アーモンド小魚　カップ（N）
4978441340442,090202,☆究極のしっとりほし芋
4941983022909,090202,☆ド情熱価格　手割りカリカリ梅
4978441339705,090202,☆ド情熱価格　オクラ梅かつおスナック
4550668204617,090201,☆ド情熱価格　ドライマンゴー　150ｇ
4582660020711,090105,☆むぎゅーっと生グミ　ぶどう
4963024310158,090111,☆情熱価格　ぶどう蒟蒻ゼリー
4963024310141,090111,☆情熱価格　もも蒟蒻ゼリー
4970111272992,010106,☆LDC 富士山の天然水500mlペット
4901777216884,010106,天然水 550mlペット
4964621502243,030604,☆ド情熱価格　強炭酸水
4964621502267,030604,☆ド情熱価格　強炭酸水　レモン
4901360352142,090105,フェットチーネグミイタリアングレープ味
4902777154817,090105,ブーストバイツ
4901351008553,090105,【差替】海苔のはさみ焼き梅味　⇒　4901351008645
4967678400081,090302,スッパイマン甘梅一番たねなし１５ｇバラ
4977815010684,090202,種ぬき梅しば　　　　　　３０ｇ
4549777401123,090107,☆情熱価格　キャニスターポテトチップス サワークリーム
4549777401116,090107,☆情熱価格　キャニスターポテトチップス うすしお
4549777401130,090107,☆情熱価格　キャニスターポテトチップス BBQ
4549777402144,090107,☆情熱価格 キャニスターポテトチップス ピザ味
4582243350495,090202,☆ド情熱価格 有機むき栗(N)
4549777402427,090107,☆情熱価格　アボカドオイルケトルチップス
4902445131706,090108,☆ド情熱価格 最後まで美味しい紅生姜せん
4902775072908,090107,☆ブタメンスナックピーナツ入り６P
4976625019368,090108,☆『ド』情熱価格　柿の種ピーナツ
4902775073356,090107,☆情熱クリスピーポテトスナック
4901351036723,090103,ノンシュガー果実のど飴
4902888254888,090102,ハイチュウアソート
4901550271970,090105,タフグミ　PRO カフェインジンジャーレモン
4001686395745,090105,ハッピーコーラ
4001686396476,090105,ゴールドベア
4901360353880,090105,しゃりもにグミヨーグルト味
4902777132129,090105,果汁グミ温州みかん
4902750706255,090105,コロロマスカット
4902750615113,090105,忍者めし巨峰
4902124072900,090105,キラふわグレープ
45126420,090101,キシリトールガム＜ライムミント＞
45126437,090101,キシリトールガム＜フレッシュミント＞
4902888254307,090102,うまイチュウ青りんご味
4902888116209,090102,ハイチュウストロベリー
49431858,090102,メントスグレープ
4946842524143,090104,ミンティアブリーズ　クリスタルシルバー
4902750782853,090105,☆味覚糖　忍者めし　ラムネ　ボトル
4902750782785,090105,☆味覚糖　忍者めし　巨峰　ボトル
4901550151289,090103,塩分チャージタブレッツ　スポーツドリンク
4901335116311,090107,ポテトチップス じゃがいもと塩　⇒　4901335118971
4901335116304,090107,ポテトチップス のり塩　⇒　4901335118964
4901335116328,090107,ポテトチップス 金のコンソメ　⇒　4901335118988
4901330920524,090107,堅あげポテトブラックペッパー
4901313215906,090108,【差替】７３ｇ無限エビ　⇒　4901313256121
4902450208134,090108,ぼんち揚チャック付
4901814082878,090112,小さなドーナツファミリーパック
4972208690399,090112,☆香月堂　厚切りバウムクーヘン
4901360358311,090109,プチチョコチップ
4901360362745,090109,プチホワイトラングドシャ
4901360358373,090107,プチポテトうすしお味
4901360358397,090107,プチポテトコンソメ味
4903041310410,090302,カットよっちゃん
4964664915901,090117,☆ド情熱価格　あたりめ
4973508461108,090117,☆ド情熱価格　ソースカツ
4901301431462,130503,ケープ　フォーアクティブ　前髪ホールドマスカラ
4946324013622,150201,DUP ｱｲﾗﾂｼﾕﾌｲｸｻEX552
4560364939485,150201,ミッシュブルーミンＮｏ．２０９
4560364939423,150201,ミッシュブルーミンＮｏ．２０３
4560323131523,150201,EYEMAZING 小森純 5P NEW 003
4560323131509,150201,EYEMAZING 小森純 5P NEW 001
4901433081474,150203,ヒロインメイクＳＰ　スピーディーマスカラリムーバー
4901433036382,150203,ヒロインメイクＳＰ　アイラッシュセラムＥＸ
4901433036504,150204,ヒロインメイクＳＰ　スムースリキッドアイライナースーパーキープ　０１　漆黒ブラック
4902201182195,090106,キットカットミニ
4901360359226,090109,アルフォート
4902555272610,090109,ホームパイ
4901330578923,090107,じゃがりこじゃがバター
4901330575786,090107,じゃがりこたらこバター
4901330650032,090107,じゃがりこサラダｂｉｔｓたべキリンパック
4971825016582,130705,デオナチュレ　ソフトストーンＷ
4902806127836,130708,ギャツビー　EXプレミアムタイプデオドラントロールオン　無香料　（医薬部外品）
4971825016568,130705,デオナチュレ　さらさらクリーム
4971825016575,130705,デオナチュレ　足指さらさらクリーム
4580041048361,130705,☆薬用デオドラントパウダースプレー　無香料
4952195632183,130504,トリエ　スプレー10
4961503571991,130504,ロレッタ　ハードゼリー　
4901275063935,130504,アリミノ　メン　フリーズキープ　ジェル　ヘアスタイリング
4901275061863,130504,ピース　 フリーズキープワックス　80g
4560119224866,130401,ﾓｲｽﾄﾀﾞｲｱﾝ ﾊﾟｰﾌｪｸﾄﾋﾞｭｰﾃｨ ｴｸｽﾄﾗﾀﾞﾒｰｼﾞ ｼｬﾝﾌﾟｰ&ﾄﾘｰﾄﾒﾝﾄ ﾄﾗｲｱﾙｾｯﾄ
4580632122289,130503,☆ﾀﾞｲｱﾝ　ﾊﾟｰﾌｪｸﾄﾋﾞｭｰﾃｨ　ﾄﾞﾗｲｼｬﾝﾌﾟｰ　ﾋﾟｰﾁ&ﾑｽｸ　95g
4901234362352,130503,マトメージュ　まとめ髪スティック　スーパーホールド13g
4933691963711,120218,☆ペーパーボウル15ｃｍ18枚入
4902011103069,130107,エリス新素肌感羽つき２０枚×２Ｐ
4901301358844,140603,めぐりズム蒸気でホットアイマスクラベンダー１Ｐバラ
4901301358837,140603,めぐりズム蒸気でホットアイマスク　完熟ゆず１Ｐバラ
4901301347541,130705,ビオレさらさらシート　せっけん携帯用
4901301432377,130705,ビオレZero　シート　やさしいせっけんの香り　２０枚
4972453417642,130708,☆ド情熱　メンズボディシｰト　超cool　キンキンフローラル
4901301416438,130703,ビオレＵＶ　アクアリッチ　アクアプロテクトミスト
4987241196432,130703,スキンアクア　トーンアップＵＶエッセンスブルー80g
4987241157754,130703,スキンアクアトーンアップUVエッセンス
4550516492319,130705,エージーデオ２４　デオドラントスプレー（無香性）ＬＬ（医薬部外品）180g
4901301274700,130503,ケープ　３Ｄエクストラキープ　無香料　５０ｇ
4902778272442,200109,◎替芯ユニＵＬ‐Ｓ‐０．５‐４０　１Ｐ　ＨＢ（５Ｐ
4902506341020,200106,◎サインペン赤
4560436810759,200104,☆鉛筆HB3本入
4531916010082,360109,☆DQC-24L1011-WH ｱﾍﾞﾙ 情熱価格 業界最小級 PD20W対応 ﾓﾊﾞｲﾙﾊﾞｯﾃﾘｰ10000mAh ﾎﾜｲﾄ
4549777116362,360109,☆PT-DDB-TC-WH どんな時もダイレクトバッテリー5000ｍAH(type-C用）
4571574632066,360302,★/SMACCE FG-TWS-E7S-BK　完全ワイヤレス ブラック
4511677134142,360305,★ド情熱 低遅延モード搭載完全ワイヤレス スティック型 ブラック
4549777113149,360101,☆PT-CL-BK iPhone用高速充電ケーブル1m/CtoL
4549777116515,360101,☆PPIT-1LC-WH iPhone用充電ケーブル1m/AtoL
4549777113248,360102,★PT-CC1-BK Type-C用 高速充電ケーブル1m/CtoC
4549777113224,360102,☆PT-CA1-BK Type-C用 充電ケーブル1m/AtoC
4595059184161,350418,☆KHF-BL18C-WH 2Wayハンディファン　WH
4562350998773,350418,★HDL-PHIF001-WH クールハンディファン WH
8809679696451,150207,TIRTIRマスクフィット　レッドｸｯｼｮﾝ21N
8800288640385,150207,TIRTIR マスクフィットエーアイフィルタークッション21N
8809928132426,150207,TIRTIR　マスクフィット　クリスタルメッシュクッション21N
4903111512805,140105,超快適SMART COLOR Pearl Whiteふつう　７枚
4527837439644,420311,☆自然な透明感キレイにフィット　4P アソート
4933691997631,120218,☆ド情熱環境配慮した紙コップ205ml30P
4901480233017,200201,◎キャンパスノートＢ５ドットＡ罫３０枚
4549777263172,310302,☆WF　ポケフラット チャコールブラック
4549777242870,310302,☆情熱 折りたたみ傘手元スリム自動開閉55㎝
4560436811039,200305,☆カッター小
4560436811022,200305,☆切れ味が長持ちするチタンコートはさみ
4902870681036,200304,◎ホッチキスブルー
4901480151908,200302,◎ドットライナー詰替タイプしっかり貼る８．４ｍｍ×１６Ｍ
4904333031419,200303,☆【ド情熱】セロハンテープ15mmx9m 　カッター付
4901991009699,200302,◎スティックのりピットハイパワーＳ
4549777113941,350872,☆情熱 LR6アルカリ単三電池4P
4902778164549,200116,◎ジェットストリームＳＸＮ‐１５０‐３８　１Ｐ　黒　２４
4902778041093,200116,◎ジェットストリームＳＸＮ‐１５０‐０５　１Ｐ　黒　２４
4902778041086,200116,◎ジェットストリームＳＸＮ‐１５０‐０５　１Ｐ　赤　１５
4902505408106,200115,◎フリクションボールノック０．５ブラック
4902505408328,200115,◎フリクションボールノック０．５レフィルブラック３Ｐ
4902505568794,200115,◎フリクションボール３スリム　０５　パック　Ｂ
4902505437847,200115,◎フリクション多色用レフィル０．５ブラック３本セット
4902505437878,200115,◎フリクション多色用レフィル０．５３Ｃ
4902506343925,200103,◎スマッシュシャープ０．５
4946842520220,090115,１本満足バーシリアルチョコ
4902621004572,140708,バランスパワービッグ北海道バター
4902621004909,140708,バランスパワービッグアーモンド
4573603330011,530101,☆IMPACT WHEY PROTEIN　ココア味
4573603330028,530101,☆IMPACT WHEY PROTEIN　ロイヤルミルクティー風味
4573603330035,530101,☆IMPACT WHEY PROTEIN　抹茶味
4573603330042,530101,☆IMPACT WHEY PROTEIN　モカ風味
4901480233031,200203,◎キャンパスルーズリーフさらさら書けるＡ罫ドットＢ５１００枚
4902888270826,090106,焼きダース
4902888255076,090106,チョコボールピーナッツ
4902797440013,090104,ヨーグレット
45173639,090106,アポロ
4902888255359,090102,ミルクキャラメル
4902397840558,090106,ｍ＆ｍ’ｓミルクチョコ
4058400013386,090106,ショカコーラミルク
4902777006673,090106,チョコレート効果カカオ７２％パウチ
4901005001831,090106,ジャイアントカプリコ＜いちご＞
4901005512672,090109,【差替】ポッキーチョコレート　⇒　4901005009158
4902777008592,090106,【JAN変】きのこの山　⇒4902777237596
4902777008615,090106,【JAN変】たけのこの里　⇒4902777237022
4903333208708,090106,クランキー
4903333265862,090106,ガーナリップル
4902888209482,090106,☆ベイククリーミーチーズ
4906422020298,040309,☆贅沢にぎり　銀鮭ハラミ
4906422020304,040309,☆贅沢にぎり　鮭といくら
4906422024487,040304,☆目で味するゥなおにぎり　鬼わさび寿司
4906422024456,040309,☆福にぎり　もち麦入枝豆ひじき　
4903333226122,090106,パイの実
4547894640012,090109,リッツクラッカー箱
4906422024289,040311,☆コロッケドッグ
4906422024272,040311,☆焼そばドッグ
4906422020861,040305,☆ころもが主役のチキンカツ弁当
4906422022148,040305,☆ダシを活かすための親子丼
4906422020700,040305,☆あんだく溺れ天津飯
4906422023428,040303,☆お手軽　ミートソース
4906422023442,040303,★お手軽　ペペロンチーノ
4906422023329,040303,☆フライドチキンの皮だけ
4906422023312,040303,☆アメリカンドッグのココだけ
4906422024227,040309,☆はみだしすぎィな　チキン南蛮
4906422022087,040309,☆はみだしすぎィ！な鶏つくねおにぎり
4906422024234,040309,☆はみだしすぎィな　テリヤキチキン
4972504025970,020403,チョコクリームブレッド
8809054400178,010823,【K】ヘテパシフィック　ヨッポギ甘辛味　140ｇ
8809054400208,010823,【K】ヘテパシフィック　ヨッポギチーズ味　120ｇ
4902713128063,010809,マルコメ　カップ　料亭の味　とうふ　６入
4902713128070,010809,マルコメ　カップ　料亭の味　長ねぎ　６入
4902388080048,010805,永谷園　カップ入り　お茶づけ海苔　２９．４ｇ
4902105945483,010803,日清食品　ハヤシメシ　デミグラス　　　　　１０３ｇ
4901577032981,010501,☆QP たまごかけ風ごはんのたれ18gx3個パック
4973360561619,010813,サトウ　コシヒカリ１００％　　　　　　２００ｇ
4901071235727,011101,スーパーカップ１．５倍　しょうゆラーメン
4901071235741,011101,スーパーカップ１．５倍　とんこつラーメン
4902105256060,011101,日清食品　デカうま　豚キムチ　　　カップ　１０１ｇ
4901990325547,011101,ごつ盛り　ワンタン醤油ラーメン　ワンタン増量１．５倍
4901990380201,011101,東洋水産　ごつ盛り　コーン味噌ラーメン　138g
4972504016978,020404,てりやきバーガー
4972504021682,020404,チーズソースバーガー
4972504015537,020404,カレーパン（淡路島産玉ねぎ使用）
4972504022900,020403,ソーセージドッグ
4972504011928,020404,サラダドッグ
4972504025307,020404,バター餅みたいな蒸しパン（２）
4972504019993,020403,もっちもっちマルゲリータ
4972504016213,020404,もっちもっちテリヤキチキン
4972504024034,020404,もっちもっち博多明太チーズ
4972504013618,020404,ハムとたまねぎのピザ
4972504020616,020403,ひねくれ棒
4972504027226,020403,板チョコクロワッサン
4972504022092,020403,カスタードツイスト
4972504017654,020403,もっちもっちチョコ
4972504013014,020403,元祖メロンパン（白あん）
4903088010380,011101,ニュータッチ　凄麺京都背脂醤油味　カップ　１２４ｇ
4901677190314,011101,寿がきや　鳥取ゴールド牛骨ラーメン　カップ１個
8801043030694,010823,農心ジャパン　辛カップラーメン　　　　　　　６８ｇ
8801073212114,010823,三養　ブルダック炒め麺　ＢＩＧ　　カップ　１０５ｇ
8801073212152,010823,朝日食品　カルボ大カップ　105ｇ
4902775070171,090107,ブタメンとんこつ味
49307887,090305,ペペロンチーノ
4902105022122,011102,日清食品　焼そば　ＵＦＯ　　　　　カップ　１２８ｇ
4902881406093,011101,明星　ぶぶか油そばカップ　１６３ｇ
4901990324595,011102,マルちゃん　ごつ盛り　ソース焼そば　Ｃ　１７１ｇ
4902885001454,011102,ペヤング　ソース焼そば　超大盛タイプ　Ｃ　２３７ｇ
4902105002674,011101,日清食品 どん兵衛 きつねうどん(西)カップ　　９５ｇ
4902105004173,011101,日清食品 どん兵衛 天ぷらそば(西)カップ　１００ｇ
4902105284919,011101,日清食品　日清麺職人　醤油　87g
4902105284926,011101,日清食品　日清麺職人　味噌　97g
4901071215583,011101,わかめラーメン　ごま・しょうゆ
4902105280478,011101,日清食品　日清ラ王　とろ熟味噌
4903088011912,011101,ニュータッチ 凄麺天理スタミナラーメンＣ 112g
4901677191854,011101,寿がきや　カップSUGAKIYAラーメン　100g
4901677190291,011101,寿がきや　麺処井の庄　辛辛魚らーめん　Ｃ１３６ｇ
4901734051268,011101,サッポロ一番　名店の味　天下一品　京都濃厚鶏白湯　大口径
4902105242414,011101,日清食品　Ｎ　カップヌードルチリトマトＣ　　７６ｇ
4904760010025,011101,金ちゃん　ヌードル　　　　　　　　　　　　　８５ｇ
4901990333078,011101,マルちゃん　ホットヌードル　ＮＥＯ　醤油
4901990333092,011101,マルちゃん　ホットヌードル　ＮＥＯ　はま塩
4901990333115,011101,マルちゃん　ホットヌードル　ＮＥＯ　担担麺
4902105286883,011101,日清　カップヌードルＰＲＯ　　75g
4902105286890,011101,日清　カップヌードルＰＲＯ　シーフード　75g
4902105003374,011101,日清食品　カップヌードル　ビッグ　カップ　１０１ｇ
4902105003398,011101,日清　カップヌードル　シーフード　ビッグ　１０４ｇ
4902105003381,011101,日清食品　カップヌードル　カレー　ビッグ　１２０ｇ
4902105978955,011102,日清食品　完全メシ　カップヌードル　汁なしシーフードヌードル
4902105002605,011101,日清食品　チキンラーメン　どんぶり　　Ｃ　　８５ｇ
4901990369633,011101,東洋水産　ＱＴＴＡサワークリームオニオン味　82ｇ
4901990366779,011101,マルちゃん　ＭＡＲＵＣＨＡＮＱＴＴＡトマトクリーム味　84ｇ
4901071405236,011101,エースコック　飲み干す一杯　担担麺　74g
4901071404024,011101,ご当地の一杯　横浜　豚骨醤油ラーメン
4901071404048,011101,ご当地の一杯　仙台　辛味噌ラーメン
4901071239824,011101,飲み干す一杯　味噌バター味ラーメン
4902105280461,011101,日清食品　日清ラ王　背脂醤油
49698640,011101,日清　Ｎ　カップヌードルカレー　　カップ　　８７ｇ
4902105266281,011101,日清　カップヌードル　欧風チーズカレーＣ　　８５ｇ
2400081892156,040211,☆ふんわりむすびセット（和風ツナマヨ・明太）
2400081215313,040211,☆ふんわりむすびセット（鮭・しそ昆布）
2400081215306,040211,☆ふんわりむすびセット（鮭・明太子）
4902105033722,011101,日清食品　どん兵衛　きつねうどん　東　　　　９６ｇ
2400081892170,040211,☆ふんわりむすびセット和風ツナマヨ・梅干
2400081892149,040211,☆旨チキンライスのふわオムぎり
2400081215184,040211,☆自家製濃厚タレの和風ツナマヨ
2400081215177,040211,☆自家製塩麹に一晩漬け込んだ焼鮭
2400081215214,040211,☆特選梅干し（種なし）
2400081215009,040211,☆紅鮭の漬けすじこ
2400081892125,040211,☆ピリ辛高菜と熟成辛子明太子
2400081892163,040211,☆ふんわりむすびセット（和風ツナマヨ・昆布）
2400081215276,040211,☆大粒唐揚げと具沢山タルタル
2400081933057,040211,☆カリカリ梅ごはんと特選梅干し
2400081215023,040211,☆具沢山五目めし（熟成明太子）
2400081215245,040211,☆新潟笹川流れの玉藻塩
2400081933064,040211,☆梅ひじきごはんと北海道産昆布
2400081215016,040211,☆具沢山五目めし（炙り焼鳥）
2400081892132,040211,☆サンドにぎり　肉厚カツカレー
4903333235827,090106,ガーナミルクエクセレント
2400081933071,040211,☆彩ちりめんごはんと熟成明太子
2400081215344,040211,☆厚切り炙りサーモンと具沢山タルタル
2400081215047,040211,☆厚切り炙りサーモンと紅鮭の漬けすじこ
2400081215252,040211,☆悪魔がささやくおにぎり
2400081215375,040211,☆ドでかい！海老天むす
4903110085393,020120,山崎　Ｔフレンチクルーラー（ホイップ）
4525018109850,060301,サ）イタリアンドレッシング
4525018109843,060301,サ）和風ドレッシング
8801117976705,090119,マーケットＯリアルブラウニー４Ｐ
4901005521308,090109,プリッツ＜旨サラダ＞
4903333203147,090109,ゼロシュガーフリービスケット＜バター＞
4903333287963,090106,プレミアムガーナ　サブレショコラ＜ソルティバター＞
4901901143598,050509,☆情熱価格　フィッシュソーセージ1本
4901085046449,020115,伊藤園　1日分の野菜
4903308035742,020103,チーズデザート6Pブルーベリー
4906422022049,040304,☆手巻寿司　北海道産小粒納豆
4902036090009,020501,ブラックモンブラン
45116568,020501,雪見だいふく
4976994205010,020503,HDミニカップ　バニラ
4976994205027,020503,HDミニカップ　ストロベリー
4976994206642,020503,ミニカップ ショコラ デュオ
4902720086745,020501,PARM　チョコレート
2400081215283,040211,☆大粒唐揚げと生漬け明太子
2400081215238,040211,☆華味鳥そぼろと濃厚卵黄ソース
4906422023572,040303,★お手軽　焼うどん
4906422023695,040316,☆甘辛唐揚げの和風パスタサラダ
4906422023701,040316,☆豚しゃぶの焙煎ごまドレパスタサラダ
4906422023053,040312,☆トルティーヤ（ハム＆チーズ）
4906422023060,040312,☆トルティーヤ（牛焼肉）
4906422022070,040304,☆手巻寿司　マグロたくあん
4906422022056,040304,☆手巻寿司　ツナマヨネーズ
4906422023589,040303,★お手軽　焼そば
4908043181655,040300,とんかつ煮
4908043178334,040300,ちくわ磯辺揚げ　5本入り
4906422024463,040309,★目で味するゥなおにぎり　鬼辛唐辛子まみれ
4902054106980,020117,☆情熱 北海道プレｰンヨｰグルト脂肪0
4964621502069,030605,☆情熱価格　トニックウォーター　ＰＥＴ
4903110051961,020403,もっちわ
4903110052005,020403,ヤマザキ　オールドファッションドーナツ(チョコ)
4902102084642,010112,MM 朝バナナ180gパウチ
4560292290375,010114,レッドブル シュガーフリー250ml缶
4902720151092,020112,マウントレーニア ノンスイート
4897036690055,010114,モンスター エナジーゼロシュガー355ml缶
4901306024041,020115,カゴメトマトジュース食塩無添加
4901306075517,020115,野菜生活100ベリーサラダ
4902102084703,010112,MM 朝りんご180gパウチ
4902720153744,020103,クラフト　小さなチーズケーキ6Pレアチーズケーキ
4964312493294,020103,☆情熱価格ベビーチーズプレーン4P
4964312493300,020103,☆情熱価格ベビーチーズアーモンド4P
4964312493355,020103,☆情熱価格ベビーチーズ明太子風味4P
4902105945346,010803,日清食品　カレーメシ　ビーフ　　　カップ　１０７ｇ
4906422020595,040303,☆味しみしみ玉子
4902777204727,090106,アーモンドチョコレート
4903032243406,090106,ブラックサンダー
4903020055172,090302,ミニおやつカルパス
4903110222149,020407,串団子たれ(3)
4906422024371,040309,☆福にぎり　ツナマヨネーズ　
4906422024388,040309,☆福にぎり　梅　
4906422024395,040309,☆福にぎり　昆布　
4906422024425,040309,☆福にぎり　赤飯　
4906422024364,040309,☆福にぎり　鮭
4906422024494,040304,☆目で味するゥなおにぎり　鬼紅生姜寿司
4906422024470,040309,☆目で味するゥなおにぎり　鬼チーズまみれ
4906422018929,040304,☆サラダ助六寿司
4906422018721,040304,★プルコギキンパ
4906422018943,040304,☆いなり寿司3個入り
4906422018936,040304,☆サラダ巻きセット
4903110307280,020404,たっぷり満足ソ‐スメンチカツサンド
4562384603179,130303,口臭の原因除去マウスウォッシュ　オクチレモン
4987306003477,140401,リポビタンＤ　1本
4902663018216,010808,☆情熱価格スープ春雨　鶏だし中華
4902170581357,020307,☆情熱価格ヤバ盛りパスタ　ボロネーゼ
4902170581371,020307,☆情熱価格ヤバ盛りパスタ　カルボナーラ
4548779731221,020308,日清中華　汁なし担々麺　大盛り
4902165001808,020303,WILDish 牛ステーキピラフ
4902165001815,020303,WILDish 焼豚五目炒飯
4902165001792,020303,WILDish 牛カルビ焼肉めし
4902720076951,020501,ピノ　バニラ
4901005381643,020501,アイスの実＜ぶどうマスカット＞
4902130102080,020308,香ばし麺の五目あんかけ焼そば
4901520162253,020304,ごっつ旨いお好み焼
4908011701304,020114,Doleアップル２００
4908011703216,020114,Doleグレープ２００
4902888323324,020501,チョコモナカジャンボ
4901005003903,020501,パピコチョココーヒー
4901005312005,020501,ｸﾞﾘｺ　ジャイアントコーン
4902705030985,020501,明治　エッセルスーパーカップ　超バニラ
4902586194363,050502,プリマハム サラダチキンバープレーン
49721119,020105,明治おいしい牛乳200ml
4901306047569,020115,野菜一日これ一本
4908011621633,020110,プルーンFe1日分の鉄分のむヨーグルト
4908011701403,020114,Doleオレンジ２００
4902751352123,020120,ふんわりどら焼・あずき
45210624,020111,Y1000
49722000,020117,プロビオヨーグルトR-1
4902720116473,020117,パルテノ　プレーン砂糖不使用
4901112800242,020117,オイコス プレーン加糖
4955129028809,020119,☆情熱価格×たらみ　ド充分ゼリー　みかん
4560338756643,020119,SWEETCAFE 珈琲ゼリー
4589988993635,020120,絹ごしプリン
4902751814362,020120,☆こだわり素材のシュークリーム・カスタード＆ホイップ
4902751814386,020120,☆こだわり素材のエクレア・カスタード
4953823475066,020120,生 チョコパイ プレーン　
4560338756896,020113,TAPIOCATIME　タピオカミルクティー
4902720150972,020112,マウントレーニア　カフェラッテ
4902720150989,020112,マウントレーニア　エスプレッソ
4902720150996,020112,マウントレーニア　ノンシュガー
4901777431621,020112,スターバックス カフェラテ
4906422022445,040310,☆チキンカツサンド
4906422022353,040310,☆ひとくちサンドＢＯＸ
4906623131038,020225,豆腐バー 旨み昆布
4901530235237,020231,カニかまに したらば⇒4901530237118
4902705014541,020109,ザバスミルクプロテイン脂肪0ココア風味
4902705018099,020109,ザバスミルクプロテイン脂肪0バナナ風味
4906422022599,040316,☆トマトのフレッシュサラダ
4970881000726,040328,パックと食べられる　ゆでたまご（ほんのり塩）
4904577134327,040317,じゃがいもが美味しいなめらかポテトサラダ
4906422024012,040310,☆だしが香る玉子焼サンド
4906422024036,040310,☆ハム野菜ミックスサンド
4906422021295,040310,☆ツナとたまごのサンド
49780741,010113,キレートレモン 155ml瓶
4902888728808,010112,inゼリー エネルギーブドウ糖180gパウチ
4904577125233,040316,ツナコーンサラダ
4906422022582,040316,☆蒸し鶏のフレッシュサラダ
4906422021530,040309,★福にぎり　昆布
4906422021622,040309,★福にぎり　ねぎまぐろ
4906422021653,040309,★福にぎり　とろサーモン
4906422021523,040309,★福にぎり　梅
4906422021561,040309,★福にぎり　ツナマヨネーズ
4906422021554,040309,★福にぎり　赤飯
4987156814407,140709,激強打破　50ML
2400081215337,040211,☆厚切り炙りサーモン
2400081215290,040211,☆ふんわりむすびセット（鮭・和風ツナマヨ）
2400081215030,040211,☆具沢山五目めし（塩麹の焼鮭）
4906422021639,040309,★福にぎり　鮭
4901777385894,010114,ZONe ＨＹPＥＲ400ml缶
4906422022889,040305,★ロースとんかつ弁当
4906422022537,040305,★14種類のスパイスで仕上げた国産チキンカツカレー
4906422022544,040305,★アンガス牛の炙りカルビ重
4906422023251,040305,★タルタルチキン南蛮弁当
4906422022636,040305,★だし巻き玉子弁当（あごだし使用）
4906422020731,040305,☆玉子とろっとだし濃い目のロースかつ丼
4901005109797,090106,ＧＡＢＡミルク　スタンドパウチ
4901005500068,090106,ＬＩＢＥＲＡ　ミルク
4901360355198,090106,ひとくちルマンド
4580347721081,010106,☆富士山雪解けの天然水500ml
4970111272770,010102,☆烏龍茶500ml
4582271705526,010102,☆ジャスミン茶　525ml
4902750670341,090105,【差替】コグミ4902750641341
4902777133959,090105,コーラアップ
4901550267393,090105,タフグミ
4902124072993,090105,ねりり 梅ねり
4902124023063,090105,男梅グミ
4902124071347,090105,男梅シート
4902888232374,090104,大粒ラムネ
4903333219636,090109,トッポ
4903333251216,090106,マカダミアチョコレート
4901351058626,090105,ピュレグミレモン
4901326042933,090105,つぶグミ
4901313207871,090108,ハッピーターン
4902155248725,090117,☆ド情熱価格　ピーナッツチョコ
4902555274843,090109,【差替】カントリーマアム（バニラ＆ココア）⇒4902555170893
4901360353606,090106,アルフォートミニチョコレート
4901001864881,010808,スープＤＥＬＩ　完熟トマト　40.6g
4901001925940,010808,スープＤＥＬＩ　きのこクリーム　42.3g
4987240618607,090103,のどすっきり飴袋
4902124025159,090103,ＶＣー３０００のど飴
4902888255557,090103,塩キャラメル
4901313205167,090108,亀田の柿の種6袋詰
4902713128124,010809,マルコメ　カップ　料亭の味　しじみ　６入
4902713128155,010809,マルコメ　カップ　料亭の味　とん汁　６入
4902663018193,010808,☆情熱価格スープ春雨　かき玉
4902471102541,010808,ポッカサッポロ　こんがりパン濃厚コーンポタージュ　26.1g
4902471102589,010808,ポッカサッポロ　こんがりパン濃厚クラムポタージュ　25.3g
4946842523306,090104,ミンティアブリーズ　シャイニーピンク
4946842528561,090104,ミンティアブリーズ　フレッシュピーチ　
4547894154991,090101,クロレッツＸＰクリアミントボトル
49698626,011101,日清食品　カップヌードル　　　　　カップ　　７８ｇ
4901990522731,011101,マルちゃん　赤いきつねうどん　東　カップ　　９６ｇ
4902750764323,090105,忍者めし鋼グレープ味
4946842540150,090104,ミンティアブリーズ　ウルトラブラック
4946842529902,090104,アサヒ　ミンティアブリーズ　濃苺　
4946842527045,090104,ミンティアブリーズ　フレッシュレモン　
4946842540792,090104,カルピス　Ｘミンティアブリーズ　
4946842521814,090104,ミンティアブリーズ　リフレッシュブルー
4946842528424,090115,1本満足バー　プロテインブラック
4946842526345,090115,1本満足バー　プロテインチョコ
4946842527663,090115,1本満足バー　プロテインホワイト
4946842522682,090115,１本満足バーシリアルブラック糖類80％オフ
4946842520244,090115,１本満足バーシリアルホワイト
4902397840602,090106,スニッカーズピーナッツシングル
4902888259951,090106,丸かじり小枝
4901360353958,090106,濃厚チョコブラウニー
4903110382751,020404,とろ～りとしたチーズのハンバーガー
4946842527823,090115,クリーム玄米ブランカカオ
4946842527816,090115,クリーム玄米ブランブルーベリー
4987035090113,090115,カロリーメイトブロックチーズ
4987035090014,090115,カロリーメイトブロックフルーツ
4987035021216,090115,ソイジョイブルーベリー
4903110023449,020404,まるごとソーセージ
4903110105695,020405,ランチパックツナマヨネーズ
4903110020455,020405,ランチパックピーナッツ
4903110081494,020405,ランチパックハム＆マヨネーズ
4903110437819,020404,テリヤキハンバーガー
4903041202258,090302,タラタラスティック
4903110413097,020403,ＳＰホワイトデニッシュショコラ
4903110040774,020403,アップルパイ
4903110185802,020403,北海道チーズ蒸しケーキ
4903110060536,020404,カレーパン
4972453417628,130708,☆ド情熱　メンズボディシｰト　モイストシトラス
4972453417666,130708,☆ド情熱　メンズフェイシャルシｰト　超cool　キンキンシトラス
4902011890068,130107,エリスコンパクトガード（多い昼～ふつうの日用）羽つき28枚
4903111517909,140105,超快適SMART COLOR NaturalBeige ふつう 7枚
4901330578916,090107,じゃがりこチーズ
4902011732511,130104,エリエール除菌できるアルコールタオルウイルス除去用携帯用３０枚
2400081215061,040211,☆厚切り炙りベーコンwエッグ
2400081215320,040211,☆ふんわりむすびセット（鮭・特選梅干）
2400081215078,040211,☆厚切り炙りベーコンwエッグ＆チーズ
2400081215368,040211,☆ふっくら肉厚うなぎと厚焼き玉子
2400081284562,040110,さっくり！柔らか鳥唐揚
2400081215269,040211,☆丸ごと１個！とろ～り半熟煮たまご
2400081215221,040211,☆たっぷり牛カルビと濃厚卵黄ソース
2400081215207,040211,☆北海道産昆布の佃煮と大葉
2400081215191,040211,☆生漬け辛子明太子
4902888711114,010112,inゼリー エネルギー180gパウチ
4902780052148,090113,【差替】バラエティパック　⇒　4902780053152
4902663018209,010808,☆情熱価格スープ春雨　シーフード
49698633,011101,日清食品　カップヌードル　シーフード　　　　７５ｇ
4902885000686,011102,ペヤング　ソース焼そば１２０ｇ
4519257570731,010813,☆ドリームズファーム　パックライス　180ｇ×3食パック
4987035089315,010113,オロナミンC 120ml瓶
4970111272763,010101,☆緑茶500ml
4901033630126,020107,マルサン　調整豆乳
4901330578909,090107,じゃがりこサラダ
4902888178122,090107,ポテロングしお味
4901330647384,090107,Ｊａｇａｂｅｅうすしお味
4901335137484,090107,スティックポテトのり塩スリムバック
4903301300731,130301,ＭＩＧＡＣＯＴクリニカアドバンテージ　ハミガキ・ハブラシセット
4901301008473,130701,ニベアクリームＣ５０ｇ
4901301375155,130503,ケープ　ＦＯＲ　ＡＣＴＩＶＥ　無香料　５０ｇ
4589506152353,130104,☆情熱　アルコール99％　ウェットティッシュ　60枚×3個パック
4902011714425,130104,エリエール贅沢保湿（ポケット）１４Ｗ４Ｐ
4902124021144,090102,【差替】ねりり 梅ねり　⇒　4902124072993
4902777211510,090106,ガルボチョコパウチ
4902777140070,090105,果汁グミマスカット
4903333258840,090106,ガーナミルク
4901005512689,090109,【差替】ポッキー極細　⇒　4901005009134
4903333282050,090106,アーモンドチョコレート
4902777227771,090106,チョコレート効果カカオ７２％箱
4903333253920,090106,コアラのマーチ＜チョコ＞
4902888218842,090109,チョコチップクッキー
4904447045517,090117,☆ド情熱価格　ミックスナッツ
4901351013397,090103,金のミルクキャンディ
4946842526512,090104,ミンティア　グレープ　
4946842527038,090104,ミンティアブリーズ　フレッシュグレープ　
4547894155004,090101,クロレッツＸＰオリジナルミントボトル
4987035555919,090115,ソイジョイアーモンド＆チョコレート
4987035092216,090115,カロリーメイトブロックチョコレート
4969244502359,090109,クリームオーバニラ味袋
4987241105052,130702,メンソレータム薬用リップスティックＸＤ
4444411111111,******,****************************
4903110070313,020405,ランチパックたまご
4946842501908,090104,ミンティア　ワイルド＆クール　
